source,source_url,source_revision,source_row,observed_at,league,season,date,home_team,away_team,ft_home_goals,ft_away_goals,ft_result,ht_home_goals,ht_away_goals,ht_result,round,score_period,home_team_raw,away_team_raw
openfootball/football.json,https://raw.githubusercontent.com/openfootball/football.json/8aa4cd0ce0410b21037f063eeb4edd981081d85d/2026-27/nl.1.json,8aa4cd0ce0410b21037f063eeb4edd981081d85d,1,2026-09-04T23:33:53Z,Eredivisie,2026-27,2026-08-07,Cambuur,Excelsior,0,4,A,0,3,A,Matchday 1,source_reported_FT,SC Cambuur-Leeuwarden,SBV Excelsior
openfootball/football.json,https://raw.githubusercontent.com/openfootball/football.json/8aa4cd0ce0410b21037f063eeb4edd981081d85d/2026-27/nl.1.json,8aa4cd0ce0410b21037f063eeb4edd981081d85d,2,2026-09-04T23:33:53Z,Eredivisie,2026-27,2026-08-08,Nijmegen,Telstar,1,2,A,0,2,A,Matchday 1,source_reported_FT,NEC,Telstar 1963
openfootball/football.json,https://raw.githubusercontent.com/openfootball/football.json/8aa4cd0ce0410b21037f063eeb4edd981081d85d/2026-27/nl.1.json,8aa4cd0ce0410b21037f063eeb4edd981081d85d,3,2026-09-04T23:33:53Z,Eredivisie,2026-27,2026-08-08,Go Ahead Eagles,Willem II,4,1,H,1,1,D,Matchday 1,source_reported_FT,Go Ahead Eagles,Willem II Tilburg
openfootball/football.json,https://raw.githubusercontent.com/openfootball/football.json/8aa4cd0ce0410b21037f063eeb4edd981081d85d/2026-27/nl.1.json,8aa4cd0ce0410b21037f063eeb4edd981081d85d,4,2026-09-04T23:33:53Z,Eredivisie,2026-27,2026-08-08,PSV Eindhoven,For Sittard,2,2,D,0,1,A,Matchday 1,source_reported_FT,PSV,Fortuna Sittard
openfootball/football.json,https://raw.githubusercontent.com/openfootball/football.json/8aa4cd0ce0410b21037f063eeb4edd981081d85d/2026-27/nl.1.json,8aa4cd0ce0410b21037f063eeb4edd981081d85d,5,2026-09-04T23:33:53Z,Eredivisie,2026-27,2026-08-08,AZ Alkmaar,Den Haag,2,0,H,0,0,D,Matchday 1,source_reported_FT,AZ,ADO Den Haag
openfootball/football.json,https://raw.githubusercontent.com/openfootball/football.json/8aa4cd0ce0410b21037f063eeb4edd981081d85d/2026-27/nl.1.json,8aa4cd0ce0410b21037f063eeb4edd981081d85d,6,2026-09-04T23:33:53Z,Eredivisie,2026-27,2026-08-09,Sparta Rotterdam,Feyenoord,0,1,A,0,1,A,Matchday 1,source_reported_FT,Sparta Rotterdam,Feyenoord Rotterdam
openfootball/football.json,https://raw.githubusercontent.com/openfootball/football.json/8aa4cd0ce0410b21037f063eeb4edd981081d85d/2026-27/nl.1.json,8aa4cd0ce0410b21037f063eeb4edd981081d85d,7,2026-09-04T23:33:53Z,Eredivisie,2026-27,2026-08-09,Groningen,Utrecht,2,1,H,1,0,H,Matchday 1,source_reported_FT,FC Groningen,FC Utrecht
openfootball/football.json,https://raw.githubusercontent.com/openfootball/football.json/8aa4cd0ce0410b21037f063eeb4edd981081d85d/2026-27/nl.1.json,8aa4cd0ce0410b21037f063eeb4edd981081d85d,8,2026-09-04T23:33:53Z,Eredivisie,2026-27,2026-08-09,Zwolle,Ajax,0,2,A,0,0,D,Matchday 1,source_reported_FT,PEC Zwolle,AFC Ajax
openfootball/football.json,https://raw.githubusercontent.com/openfootball/football.json/8aa4cd0ce0410b21037f063eeb4edd981081d85d/2026-27/nl.1.json,8aa4cd0ce0410b21037f063eeb4edd981081d85d,9,2026-09-04T23:33:53Z,Eredivisie,2026-27,2026-08-09,Heerenveen,Twente,1,0,H,0,0,D,Matchday 1,source_reported_FT,SC Heerenveen,FC Twente '65
openfootball/football.json,https://raw.githubusercontent.com/openfootball/football.json/8aa4cd0ce0410b21037f063eeb4edd981081d85d/2026-27/nl.1.json,8aa4cd0ce0410b21037f063eeb4edd981081d85d,10,2026-09-04T23:33:53Z,Eredivisie,2026-27,2026-08-14,Telstar,Sparta Rotterdam,1,3,A,0,1,A,Matchday 2,source_reported_FT,Telstar 1963,Sparta Rotterdam
openfootball/football.json,https://raw.githubusercontent.com/openfootball/football.json/8aa4cd0ce0410b21037f063eeb4edd981081d85d/2026-27/nl.1.json,8aa4cd0ce0410b21037f063eeb4edd981081d85d,11,2026-09-04T23:33:53Z,Eredivisie,2026-27,2026-08-15,Willem II,Nijmegen,1,4,A,0,1,A,Matchday 2,source_reported_FT,Willem II Tilburg,NEC
openfootball/football.json,https://raw.githubusercontent.com/openfootball/football.json/8aa4cd0ce0410b21037f063eeb4edd981081d85d/2026-27/nl.1.json,8aa4cd0ce0410b21037f063eeb4edd981081d85d,12,2026-09-04T23:33:53Z,Eredivisie,2026-27,2026-08-15,Utrecht,AZ Alkmaar,1,4,A,0,1,A,Matchday 2,source_reported_FT,FC Utrecht,AZ
openfootball/football.json,https://raw.githubusercontent.com/openfootball/football.json/8aa4cd0ce0410b21037f063eeb4edd981081d85d/2026-27/nl.1.json,8aa4cd0ce0410b21037f063eeb4edd981081d85d,13,2026-09-04T23:33:53Z,Eredivisie,2026-27,2026-08-15,Excelsior,PSV Eindhoven,1,2,A,0,1,A,Matchday 2,source_reported_FT,SBV Excelsior,PSV
openfootball/football.json,https://raw.githubusercontent.com/openfootball/football.json/8aa4cd0ce0410b21037f063eeb4edd981081d85d/2026-27/nl.1.json,8aa4cd0ce0410b21037f063eeb4edd981081d85d,14,2026-09-04T23:33:53Z,Eredivisie,2026-27,2026-08-15,For Sittard,Cambuur,3,1,H,2,1,H,Matchday 2,source_reported_FT,Fortuna Sittard,SC Cambuur-Leeuwarden
openfootball/football.json,https://raw.githubusercontent.com/openfootball/football.json/8aa4cd0ce0410b21037f063eeb4edd981081d85d/2026-27/nl.1.json,8aa4cd0ce0410b21037f063eeb4edd981081d85d,15,2026-09-04T23:33:53Z,Eredivisie,2026-27,2026-08-16,Den Haag,Groningen,1,4,A,0,3,A,Matchday 2,source_reported_FT,ADO Den Haag,FC Groningen
openfootball/football.json,https://raw.githubusercontent.com/openfootball/football.json/8aa4cd0ce0410b21037f063eeb4edd981081d85d/2026-27/nl.1.json,8aa4cd0ce0410b21037f063eeb4edd981081d85d,16,2026-09-04T23:33:53Z,Eredivisie,2026-27,2026-08-16,Feyenoord,Go Ahead Eagles,2,2,D,2,0,H,Matchday 2,source_reported_FT,Feyenoord Rotterdam,Go Ahead Eagles
openfootball/football.json,https://raw.githubusercontent.com/openfootball/football.json/8aa4cd0ce0410b21037f063eeb4edd981081d85d/2026-27/nl.1.json,8aa4cd0ce0410b21037f063eeb4edd981081d85d,17,2026-09-04T23:33:53Z,Eredivisie,2026-27,2026-08-16,Twente,Zwolle,3,1,H,1,1,D,Matchday 2,source_reported_FT,FC Twente '65,PEC Zwolle
openfootball/football.json,https://raw.githubusercontent.com/openfootball/football.json/8aa4cd0ce0410b21037f063eeb4edd981081d85d/2026-27/nl.1.json,8aa4cd0ce0410b21037f063eeb4edd981081d85d,18,2026-09-04T23:33:53Z,Eredivisie,2026-27,2026-08-16,Ajax,Heerenveen,2,2,D,2,1,H,Matchday 2,source_reported_FT,AFC Ajax,SC Heerenveen
openfootball/football.json,https://raw.githubusercontent.com/openfootball/football.json/8aa4cd0ce0410b21037f063eeb4edd981081d85d/2026-27/nl.1.json,8aa4cd0ce0410b21037f063eeb4edd981081d85d,19,2026-09-04T23:33:53Z,Eredivisie,2026-27,2026-08-22,For Sittard,AZ Alkmaar,0,2,A,0,0,D,Matchday 3,source_reported_FT,Fortuna Sittard,AZ
openfootball/football.json,https://raw.githubusercontent.com/openfootball/football.json/8aa4cd0ce0410b21037f063eeb4edd981081d85d/2026-27/nl.1.json,8aa4cd0ce0410b21037f063eeb4edd981081d85d,20,2026-09-04T23:33:53Z,Eredivisie,2026-27,2026-08-22,Sparta Rotterdam,Utrecht,3,3,D,1,1,D,Matchday 3,source_reported_FT,Sparta Rotterdam,FC Utrecht
openfootball/football.json,https://raw.githubusercontent.com/openfootball/football.json/8aa4cd0ce0410b21037f063eeb4edd981081d85d/2026-27/nl.1.json,8aa4cd0ce0410b21037f063eeb4edd981081d85d,21,2026-09-04T23:33:53Z,Eredivisie,2026-27,2026-08-22,Heerenveen,Zwolle,0,2,A,0,0,D,Matchday 3,source_reported_FT,SC Heerenveen,PEC Zwolle
openfootball/football.json,https://raw.githubusercontent.com/openfootball/football.json/8aa4cd0ce0410b21037f063eeb4edd981081d85d/2026-27/nl.1.json,8aa4cd0ce0410b21037f063eeb4edd981081d85d,22,2026-09-04T23:33:53Z,Eredivisie,2026-27,2026-08-23,Go Ahead Eagles,Den Haag,3,1,H,1,0,H,Matchday 3,source_reported_FT,Go Ahead Eagles,ADO Den Haag
openfootball/football.json,https://raw.githubusercontent.com/openfootball/football.json/8aa4cd0ce0410b21037f063eeb4edd981081d85d/2026-27/nl.1.json,8aa4cd0ce0410b21037f063eeb4edd981081d85d,23,2026-09-04T23:33:53Z,Eredivisie,2026-27,2026-08-23,PSV Eindhoven,Groningen,5,1,H,3,1,H,Matchday 3,source_reported_FT,PSV,FC Groningen
openfootball/football.json,https://raw.githubusercontent.com/openfootball/football.json/8aa4cd0ce0410b21037f063eeb4edd981081d85d/2026-27/nl.1.json,8aa4cd0ce0410b21037f063eeb4edd981081d85d,24,2026-09-04T23:33:53Z,Eredivisie,2026-27,2026-08-23,Cambuur,Feyenoord,2,5,A,0,4,A,Matchday 3,source_reported_FT,SC Cambuur-Leeuwarden,Feyenoord Rotterdam
openfootball/football.json,https://raw.githubusercontent.com/openfootball/football.json/8aa4cd0ce0410b21037f063eeb4edd981081d85d/2026-27/nl.1.json,8aa4cd0ce0410b21037f063eeb4edd981081d85d,25,2026-09-04T23:33:53Z,Eredivisie,2026-27,2026-08-28,Groningen,For Sittard,2,3,A,1,2,A,Matchday 4,source_reported_FT,FC Groningen,Fortuna Sittard
openfootball/football.json,https://raw.githubusercontent.com/openfootball/football.json/8aa4cd0ce0410b21037f063eeb4edd981081d85d/2026-27/nl.1.json,8aa4cd0ce0410b21037f063eeb4edd981081d85d,26,2026-09-04T23:33:53Z,Eredivisie,2026-27,2026-08-29,Excelsior,Sparta Rotterdam,2,1,H,1,0,H,Matchday 4,source_reported_FT,SBV Excelsior,Sparta Rotterdam
openfootball/football.json,https://raw.githubusercontent.com/openfootball/football.json/8aa4cd0ce0410b21037f063eeb4edd981081d85d/2026-27/nl.1.json,8aa4cd0ce0410b21037f063eeb4edd981081d85d,27,2026-09-04T23:33:53Z,Eredivisie,2026-27,2026-08-29,AZ Alkmaar,Go Ahead Eagles,5,2,H,2,1,H,Matchday 4,source_reported_FT,AZ,Go Ahead Eagles
openfootball/football.json,https://raw.githubusercontent.com/openfootball/football.json/8aa4cd0ce0410b21037f063eeb4edd981081d85d/2026-27/nl.1.json,8aa4cd0ce0410b21037f063eeb4edd981081d85d,28,2026-09-04T23:33:53Z,Eredivisie,2026-27,2026-08-29,Zwolle,Nijmegen,1,3,A,1,2,A,Matchday 4,source_reported_FT,PEC Zwolle,NEC
openfootball/football.json,https://raw.githubusercontent.com/openfootball/football.json/8aa4cd0ce0410b21037f063eeb4edd981081d85d/2026-27/nl.1.json,8aa4cd0ce0410b21037f063eeb4edd981081d85d,29,2026-09-04T23:33:53Z,Eredivisie,2026-27,2026-08-30,Utrecht,PSV Eindhoven,1,6,A,1,2,A,Matchday 4,source_reported_FT,FC Utrecht,PSV
openfootball/football.json,https://raw.githubusercontent.com/openfootball/football.json/8aa4cd0ce0410b21037f063eeb4edd981081d85d/2026-27/nl.1.json,8aa4cd0ce0410b21037f063eeb4edd981081d85d,30,2026-09-04T23:33:53Z,Eredivisie,2026-27,2026-08-30,Willem II,Heerenveen,2,2,D,0,0,D,Matchday 4,source_reported_FT,Willem II Tilburg,SC Heerenveen
openfootball/football.json,https://raw.githubusercontent.com/openfootball/football.json/8aa4cd0ce0410b21037f063eeb4edd981081d85d/2026-27/nl.1.json,8aa4cd0ce0410b21037f063eeb4edd981081d85d,31,2026-09-04T23:33:53Z,Eredivisie,2026-27,2026-08-30,Feyenoord,Den Haag,2,2,D,0,1,A,Matchday 4,source_reported_FT,Feyenoord Rotterdam,ADO Den Haag
openfootball/football.json,https://raw.githubusercontent.com/openfootball/football.json/8aa4cd0ce0410b21037f063eeb4edd981081d85d/2026-27/nl.1.json,8aa4cd0ce0410b21037f063eeb4edd981081d85d,32,2026-09-04T23:33:53Z,Eredivisie,2026-27,2026-08-30,Telstar,Ajax,0,4,A,0,1,A,Matchday 4,source_reported_FT,Telstar 1963,AFC Ajax
openfootball/football.json,https://raw.githubusercontent.com/openfootball/football.json/8aa4cd0ce0410b21037f063eeb4edd981081d85d/2026-27/nl.1.json,8aa4cd0ce0410b21037f063eeb4edd981081d85d,33,2026-09-04T23:33:53Z,Eredivisie,2026-27,2026-08-30,Cambuur,Twente,1,4,A,0,2,A,Matchday 4,source_reported_FT,SC Cambuur-Leeuwarden,FC Twente '65
